12, https://www.laweekly.com/news/breaking-news-cannabis-federally-legalized-as-of-april-1-10144875
4, https://www.facebook.com/LEGO/photos/a.10150175674793403/10156431447728403/?type=3&theater
2, https://en.wikipedia.org/wiki/Fake_news
2, https://www.bbc.com/news/world-asia-india-47797151
2, https://www.nytimes.com/2019/04/12/world/europe/finland-populism-immigration-climate-change.html
2, https://www.cnn.com/videos/politics/2019/04/05/sen-john-kennedy-democrats-richard-neal-request-trump-tax-returns-irs-tapper-intv-vpx.cnn
2, https://www.foxnews.com/politics/clinton-official-george-mason-kavanaugh-allegations
2, https://www.newyorker.com/humor/borowitz-report/trump-names-lori-loughlin-education-secretary
2, https://youtu.be/8wc83qX6oNM
2, https://www.pigeonforgetnguide.com/blog/news/kanye-west-buys-dollywood-pigeon-forge/
2, https://mixmag.net/read/google-burning-man-news
2, https://www.breitbart.com/politics/2019/04/12/illegal-alien-accused-of-murdering-five-americans-found-dead-in-jail-cell/
2, https://www.breitbart.com/politics/2019/04/12/parents-raise-concern-over-sat-essay-question-on-bernie-sanders-op-ed/
